data,matching_rules
"{'edit_history_tweet_ids': ['1603169513058758656'], 'id': '1603169513058758656', 'text': '@APVogt @oliver93877389 Hab gelernt es zu nehmen wie es ist und das zu machen und zu genie√üen was ich kann. Und blo√ü nicht st√§ndig dar√ºber nachdenken. Es gibt immer Leute denen es wesentlich schlechter geht.'}","[{'id': '1603158427479539712', 'tag': 'lang'}]"
"{'edit_history_tweet_ids': ['1603169509849804800'], 'id': '1603169509849804800', 'text': 'RT @LaScaloneta: Mi coraz√≥n cuando Mbappe la tire larga en una contra https://t.co/bvbsHvPYIL'}","[{'id': '1603160750108938240', 'tag': ''}]"
"{'edit_history_tweet_ids': ['1603169511938707456'], 'id': '1603169511938707456', 'text': '@nataliiardgzz la ignorancia es lo mejor hazme caso'}","[{'id': '1603158427479539712', 'tag': 'lang'}]"
"{'edit_history_tweet_ids': ['1603169511015948290'], 'id': '1603169511015948290', 'text': 'RT @PETRIIISTAAAAS: @petrogustavo Ser√° porque esos j√≥venes incendiaron, violaron, asesinaron, degollaron, saquearon‚Ä¶ etc. es evidente que p‚Ä¶'}","[{'id': '1603158427479539712', 'tag': 'lang'}]"
"{'edit_history_tweet_ids': ['1603169511384829952'], 'id': '1603169511384829952', 'text': 'RT @jairsanchezzz: Al √∫nico intercambio que me meter√≠a contigo es al de mentada de madres'}","[{'id': '1603158427479539712', 'tag': 'lang'}]"
"{'edit_history_tweet_ids': ['1603169513478164480'], 'id': '1603169513478164480', 'text': ""RT @DavidGR1714: Segons ER el pressupost el va fer Giro i per tant no s' enten que JxC no el voti a favor \nSegons ER i Comuns el sr Giro es‚Ä¶""}","[{'id': '1603158427479539712', 'tag': 'lang'}]"
"{'edit_history_tweet_ids': ['1603169511686955009'], 'id': '1603169511686955009', 'text': '@TyCSports Ay que violentos che! https://t.co/DxdJIrcfrL'}","[{'id': '1603160755783827468', 'tag': ''}, {'id': '1603156582275194881', 'tag': ''}, {'id': '1603160739908407299', 'tag': ''}, {'id': '1603160744962424832', 'tag': ''}]"
"{'edit_history_tweet_ids': ['1603169513444233216'], 'id': '1603169513444233216', 'text': 'RT @LaEufe: Felipe Bianchi en lo √∫nico que es experto es en bloquear gente en tuiter. üòÖ'}","[{'id': '1603158427479539712', 'tag': 'lang'}]"
"{'edit_history_tweet_ids': ['1603169510386675712'], 'id': '1603169510386675712', 'text': '@moonatarix Aj√°'}","[{'id': '1603158427479539712', 'tag': 'lang'}]"
"{'edit_history_tweet_ids': ['1603169512932528129'], 'id': '1603169512932528129', 'text': 'RT @nosoyroma: No quer√≠a arruinar la alegria de ayer, pero esto tambi√©n es Argentina üá¶üá∑ Ushuaia, la isla, hace m√°s de 15 d√≠as vienen as√≠, l‚Ä¶'}","[{'id': '1603158427479539712', 'tag': 'lang'}]"
